geneid,term,,,,,,,,,,,,
C4B63_44g211,glycosome,,,,,,,,,,,,
C4B63_157g46,membrane,,,,,,,,,,,,
C4B63_13g270,glycosome,,,,,,,,,,,,
C4B63_113g29,endoplasmic reticulum,,,,,,,,,,,,
C4B63_113g30,endoplasmic reticulum,,,,,,,,,,,,
C4B63_113g31,endoplasmic reticulum,,,,,,,,,,,,
BCY84_03837,cytostome,,,,,,,,,,,,
BCY84_14581,cytostome,,,,,,,,,,,,
C4B63_104g102,cytostome,,,,,,,,,,,,
C4B63_60g176,cytostome,,,,,,,,,,,,
C4B63_49g192,reservosome,,,,,,,,,,,,
C4B63_103g44,nucleus,,,,,,,,,,,,
C4B63_84g55,membrane,,,,,,,,,,,,
C4B63_57g88,nucleus,,,,,,,,,,,,
C4B63_207g2,nucleus,,,,,,,,,,,,
C4B63_4g72,nucleus,,,,,,,,,,,,
C4B63_57g88,nucleus,,,,,,,,,,,,
C4B63_10g406,nucleus,,,,,,,,,,,,
C4B63_43g161,nucleus,,,,,,,,,,,,
C4B63_9g272,nucleus,,,,,,,,,,,,
C4B63_43g7,reservosome,,,,,,,,,,,,
C4B63_43g8,reservosome,,,,,,,,,,,,
C4B63_43g9,reservosome,,,,,,,,,,,,
C4B63_43g10,reservosome,,,,,,,,,,,,
C4B63_43g11,reservosome,,,,,,,,,,,,
C4B63_43g12,reservosome,,,,,,,,,,,,
C4B63_43g13,reservosome,,,,,,,,,,,,
C4B63_43g14,reservosome,,,,,,,,,,,,
C4B63_43g15,reservosome,,,,,,,,,,,,
C4B63_43g16,reservosome,,,,,,,,,,,,
C4B63_43g17,reservosome,,,,,,,,,,,,
BCY84_03599,reservosome,,,,,,,,,,,,
BCY84_03600,reservosome,,,,,,,,,,,,
BCY84_03714,reservosome,,,,,,,,,,,,
BCY84_11480,reservosome,,,,,,,,,,,,
BCY84_11481,reservosome,,,,,,,,,,,,
BCY84_11482,reservosome,,,,,,,,,,,,
BCY84_11483,reservosome,,,,,,,,,,,,
BCY84_11484,reservosome,,,,,,,,,,,,
BCY84_11485,reservosome,,,,,,,,,,,,
BCY84_11486,reservosome,,,,,,,,,,,,
BCY84_11487,reservosome,,,,,,,,,,,,
C4B63_47g35,reservosome,,,,,,,,,,,,
TcCLB.506247.220,reservosome,,,,,,,,,,,,
TcCLB.508317.10,reservosome,,,,,,,,,,,,
TcCLB.506529.550,reservosome,,,,,,,,,,,,
TcCLB.511229.50,reservosome,,,,,,,,,,,,
TcCLB.510535.100,reservosome,,,,,,,,,,,,
TcCLB.506563.200,reservosome,,,,,,,,,,,,
TcCLB.506025.4,reservosome,,,,,,,,,,,,
TcCLB.509717.100,reservosome,,,,,,,,,,,,
TcCLB.507681.200,reservosome,,,,,,,,,,,,
TcCLB.503723.60,reservosome,,,,,,,,,,,,
TcCLB.511127.120,reservosome,,,,,,,,,,,,
TcCLB.507657.20,reservosome,,,,,,,,,,,,
TcCLB.509213.120,reservosome,,,,,,,,,,,,
C4B63_187g86c,reservosome,,,,,,,,,,,,
C4B63_32g1409c,reservosome,,,,,,,,,,,,
TcBrA4_0010400,reservosome,,,,,,,,,,,,
TcG_08207,reservosome,,,,,,,,,,,,
TcCLB.511391.180,reservosome,,,,,,,,,,,,
TcCLB.510825.30,reservosome,,,,,,,,,,,,
TcCLB.511391.90,reservosome,,,,,,,,,,,,
TcCLB.511491.70,reservosome,,,,,,,,,,,,
TcCLB.504033.220,reservosome,,,,,,,,,,,,
TcCLB.507801.179,reservosome,,,,,,,,,,,,
TcCLB.507811.60,reservosome,,,,,,,,,,,,
TcCLB.503689.4,reservosome,,,,,,,,,,,,
TcCLB.511711.80,reservosome,,,,,,,,,,,,
TcCLB.510187.270,reservosome,,,,,,,,,,,,
TcCLB.510765.30,reservosome,,,,,,,,,,,,
TcCLB.509539.50,reservosome,,,,,,,,,,,,
TcCLB.508461.270,reservosome,,,,,,,,,,,,
TcCLB.508837.74,reservosome,,,,,,,,,,,,
TcCLB.510533.40,reservosome,,,,,,,,,,,,
TcCLB.506649.20,reservosome,,,,,,,,,,,,
TcCLB.505763.19,reservosome,,,,,,,,,,,,
TcCLB.506989.30,reservosome,,,,,,,,,,,,
TcCLB.508965.14,reservosome,,,,,,,,,,,,
TcCLB.510773.20,reservosome,,,,,,,,,,,,
TcCLB.506179.10,reservosome,,,,,,,,,,,,
TcCLB.509647.90,reservosome,,,,,,,,,,,,
TcCLB.506355.10,reservosome,,,,,,,,,,,,
TcCLB.503929.10,reservosome,,,,,,,,,,,,
TcCLB.506633.90,reservosome,,,,,,,,,,,,
TcCLB.509885.10,reservosome,,,,,,,,,,,,
TcCLB.508923.10,reservosome,,,,,,,,,,,,
TcCLB.503505.20,reservosome,,,,,,,,,,,,
TcCLB.508799.120,reservosome,,,,,,,,,,,,
TcCLB.509777.70,reservosome,,,,,,,,,,,,
TcCLB.506401.380,reservosome,,,,,,,,,,,,
TcCLB.503973.40,reservosome,,,,,,,,,,,,
TcCLB.510129.30,reservosome,,,,,,,,,,,,
TcCLB.508413.68,reservosome,,,,,,,,,,,,
TcCLB.504191.10,reservosome,,,,,,,,,,,,
TcCLB.506661.20,reservosome,,,,,,,,,,,,
TcCLB.457251.10,reservosome,,,,,,,,,,,,
TcCLB.510943.33,reservosome,,,,,,,,,,,,
TcCLB.506405.50,reservosome,,,,,,,,,,,,
TcCLB.506577.120,reservosome,,,,,,,,,,,,
TcCLB.504057.11,reservosome,,,,,,,,,,,,
TcCLB.494675.10,reservosome,,,,,,,,,,,,
TcCLB.510329.90,reservosome,,,,,,,,,,,,
TcCLB.506829.100,reservosome,,,,,,,,,,,,
TcCLB.506885.124,reservosome,,,,,,,,,,,,
TcCLB.503809.110,reservosome,,,,,,,,,,,,
TcCLB.509999.50,reservosome,,,,,,,,,,,,
TcCLB.507895.60,reservosome,,,,,,,,,,,,
TcCLB.504105.140,reservosome,,,,,,,,,,,,
TcCLB.508951.20,reservosome,,,,,,,,,,,,
TcCLB.508317.80,reservosome,,,,,,,,,,,,
TcCLB.503447.60,reservosome,,,,,,,,,,,,
TcCLB.506239.30,reservosome,,,,,,,,,,,,
TcCLB.510187.100,reservosome,,,,,,,,,,,,
TcCLB.511531.50,reservosome,,,,,,,,,,,,
TcCLB.506953.30,reservosome,,,,,,,,,,,,
TcCLB.509109.130,reservosome,,,,,,,,,,,,
TcCLB.508153.400,reservosome,,,,,,,,,,,,
TcCLB.504029.80,reservosome,,,,,,,,,,,,
TcCLB.508965.60,reservosome,,,,,,,,,,,,
TcCLB.504013.60,reservosome,,,,,,,,,,,,
TcCLB.504929.10,reservosome,,,,,,,,,,,,
TcCLB.511211.120,reservosome,,,,,,,,,,,,
TcCLB.506563.40,reservosome,,,,,,,,,,,,
TcCLB.411235.9,reservosome,,,,,,,,,,,,
TcCLB.510571.30,reservosome,,,,,,,,,,,,
TcCLB.504125.60,reservosome,,,,,,,,,,,,
TcCLB.508555.60,reservosome,,,,,,,,,,,,
TcCLB.510145.20,reservosome,,,,,,,,,,,,
TcCLB.508323.100,reservosome,,,,,,,,,,,,
TcCLB.487507.10,reservosome,,,,,,,,,,,,
TcCLB.506457.40,reservosome,,,,,,,,,,,,
TcCLB.506789.280,reservosome,,,,,,,,,,,,
TcCLB.510663.70,reservosome,,,,,,,,,,,,
TcCLB.507611.370,reservosome,,,,,,,,,,,,
TcCLB.507875.20,reservosome,,,,,,,,,,,,
TcCLB.507547.90,reservosome,,,,,,,,,,,,
TcCLB.506943.50,reservosome,,,,,,,,,,,,
TcCLB.503849.60,reservosome,,,,,,,,,,,,
TcCLB.508461.570,reservosome,,,,,,,,,,,,
TcCLB.511293.69,reservosome,,,,,,,,,,,,
TcCLB.504163.40,reservosome,,,,,,,,,,,,
TcCLB.506529.508,reservosome,,,,,,,,,,,,
TcCLB.508153.340,reservosome,,,,,,,,,,,,
TcCLB.507029.30,reservosome,,,,,,,,,,,,
TcCLB.507883.109,reservosome,,,,,,,,,,,,
TcCLB.511181.50,reservosome,,,,,,,,,,,,
TcCLB.510091.80,reservosome,,,,,,,,,,,,
TcCLB.507767.10,reservosome,,,,,,,,,,,,
TcCLB.509053.70,reservosome,,,,,,,,,,,,
TcCLB.511289.70,reservosome,,,,,,,,,,,,
TcCLB.506755.260,reservosome,,,,,,,,,,,,
TcCLB.511867.140,reservosome,,,,,,,,,,,,
TcCLB.507927.20,reservosome,,,,,,,,,,,,
TcCLB.506945.240,reservosome,,,,,,,,,,,,
TcCLB.509063.30,reservosome,,,,,,,,,,,,
TcCLB.507681.20,reservosome,,,,,,,,,,,,
TcCLB.506155.60,reservosome,,,,,,,,,,,,
TcCLB.506211.160,reservosome,,,,,,,,,,,,
TcCLB.506585.40,reservosome,,,,,,,,,,,,
TcCLB.509011.40,reservosome,,,,,,,,,,,,
TcCLB.509391.30,reservosome,,,,,,,,,,,,
TcCLB.505183.30,reservosome,,,,,,,,,,,,
TcCLB.506925.300,reservosome,,,,,,,,,,,,
TcCLB.508041.10,reservosome,,,,,,,,,,,,
TcCLB.508323.60,reservosome,,,,,,,,,,,,
TcCLB.511407.60,reservosome,,,,,,,,,,,,
C4B63_7g369,contractile vacuole,,,,,,,,,,,,
C4B63_44g146,contractile vacuole,,,,,,,,,,,,
TcCLB.506025.50,contractile vacuole,,,,,,,,,,,,
TcCLB.509601.70,contractile vacuole,,,,,,,,,,,,
TcCLB.509017.30,contractile vacuole,,,,,,,,,,,,
TcCLB.510993.10,contractile vacuole,,,,,,,,,,,,
TcCLB.510773.20,contractile vacuole,,,,,,,,,,,,
TcCLB.504159.50,contractile vacuole,,,,,,,,,,,,
TcCLB.504213.110,contractile vacuole,,,,,,,,,,,,
TcCLB.509551.20,contractile vacuole,,,,,,,,,,,,
TcCLB.508831.60,contractile vacuole,,,,,,,,,,,,
TcCLB.504105.130,contractile vacuole,,,,,,,,,,,,
TcCLB.509461.90,contractile vacuole,,,,,,,,,,,,
TcCLB.504171.40,contractile vacuole,,,,,,,,,,,,
TcCLB.506167.50,contractile vacuole,,,,,,,,,,,,
TcCLB.507625.183,contractile vacuole,,,,,,,,,,,,
TcCLB.506715.50,contractile vacuole,,,,,,,,,,,,
TcCLB.511407.60,contractile vacuole,,,,,,,,,,,,
TcCLB.506289.80,contractile vacuole,,,,,,,,,,,,
TcCLB.511627.60,contractile vacuole,,,,,,,,,,,,
TcCLB.503449.30,contractile vacuole,,,,,,,,,,,,
TcCLB.511159.7,contractile vacuole,,,,,,,,,,,,
TcCLB.508723.80,contractile vacuole,,,,,,,,,,,,
TcCLB.509805.40,contractile vacuole,,,,,,,,,,,,
TcCLB.503455.30,contractile vacuole,,,,,,,,,,,,
TcCLB.506697.20,contractile vacuole,,,,,,,,,,,,
TcCLB.507483.39,contractile vacuole,,,,,,,,,,,,
TcCLB.511527.70,contractile vacuole,,,,,,,,,,,,
TcCLB.507739.110,contractile vacuole,,,,,,,,,,,,
TcCLB.507641.190,nucleus,,,,,,,,,,,,
TcCLB.510285.70,nucleus,,,,,,,,,,,,
TcCLB.508461.230,nucleus,,,,,,,,,,,,
TcCLB.511575.70,nucleus,,,,,,,,,,,,
TcCLB.507603.70,nucleus,,,,,,,,,,,,
TcCLB.506925.490,nucleus,,,,,,,,,,,,
TcCLB.510593.40,nucleus,,,,,,,,,,,,
TcCLB.506401.160,nucleus,,,,,,,,,,,,
TcCLB.511127.320,nucleus,,,,,,,,,,,,
TcCLB.506683.30,nucleus,,,,,,,,,,,,
TcCLB.505071.50,nucleus,,,,,,,,,,,,
TcCLB.507817.30,nucleus,,,,,,,,,,,,
TcCLB.509537.40,nucleus,,,,,,,,,,,,
TcCLB.507029.50,nucleus,,,,,,,,,,,,
TcCLB.506925.460,nucleus,,,,,,,,,,,,
TcCLB.508479.240,nucleus,,,,,,,,,,,,
TcCLB.511577.160,nucleus,,,,,,,,,,,,
TcCLB.511127.330,nucleus,,,,,,,,,,,,
C4B63_14g70,cortical cytoskeleton,,,,,,,,,,,,
Tb927.8.2030,cortical cytoskeleton,,,,,,,,,,,,
Tb927.9.11540,cortical cytoskeleton,,,,,,,,,,,,
Tb927.11.17000,cortical cytoskeleton,,,,,,,,,,,,
Tb927.9.11540,cortical cytoskeleton,,,,,,,,,,,,
Tb927.11.4280,cortical cytoskeleton,,,,,,,,,,,,
Tb927.11.11980,cortical cytoskeleton,,,,,,,,,,,,
Tb927.11.13010,cortical cytoskeleton,,,,,,,,,,,,
Tb927.10.3780,cortical cytoskeleton,,,,,,,,,,,,
Tb927.10.12600,cortical cytoskeleton,,,,,,,,,,,,
Tb927.7.3450,cortical cytoskeleton,,,,,,,,,,,,
Tb927.7.2650,cortical cytoskeleton,,,,,,,,,,,,
Tb927.2.4280,cortical cytoskeleton,,,,,,,,,,,,
Tb927.10.8940,cortical cytoskeleton,,,,,,,,,,,,
Tb927.1.3310,cortical cytoskeleton,,,,,,,,,,,,
Tb927.7.3440,cortical cytoskeleton,,,,,,,,,,,,
Tb927.4.3950,cortical cytoskeleton,,,,,,,,,,,,
Tb927.7.6720,cortical cytoskeleton,,,,,,,,,,,,
Tb927.8.2630,cortical cytoskeleton,,,,,,,,,,,,
Tb927.11.720,cortical cytoskeleton,,,,,,,,,,,,
Tb927.10.2040,cortical cytoskeleton,,,,,,,,,,,,
Tb927.11.6810,cortical cytoskeleton,,,,,,,,,,,,
Tb927.11.16200,cortical cytoskeleton,,,,,,,,,,,,
Tb927.11.13270,cortical cytoskeleton,,,,,,,,,,,,
Tb927.11.11140,cortical cytoskeleton,,,,,,,,,,,,
Tb927.10.7130,cortical cytoskeleton,,,,,,,,,,,,
Tb927.11.15140,cortical cytoskeleton,,,,,,,,,,,,
Tb927.7.7100,cortical cytoskeleton,,,,,,,,,,,,
Tb927.7.6790,cortical cytoskeleton,,,,,,,,,,,,
Tb927.9.10790,cortical cytoskeleton,,,,,,,,,,,,
Tb927.8.2030,cortical cytoskeleton,,,,,,,,,,,,
Tb927.3.3170,cortical cytoskeleton,,,,,,,,,,,,
Tb927.11.3330,cortical cytoskeleton,,,,,,,,,,,,
Tb927.11.1840,cortical cytoskeleton,,,,,,,,,,,,
Tb927.5.2990,cortical cytoskeleton,,,,,,,,,,,,
Tb927.5.2500,cortical cytoskeleton,,,,,,,,,,,,
Tb927.3.1010,cortical cytoskeleton,,,,,,,,,,,,
Tb927.7.3550,cortical cytoskeleton,,,,,,,,,,,,
Tb927.6.5070,cortical cytoskeleton,,,,,,,,,,,,
Tb927.11.17000,cortical cytoskeleton,,,,,,,,,,,,
Tb927.10.15760,cortical cytoskeleton,,,,,,,,,,,,
C4B63_51g114,cortical cytoskeleton,,,,,,,,,,,,
C4B63_20g219,kinetoplast,,,,,,,,,,,,
C4B63_14g220c,kinetoplast,,,,,,,,,,,,
C4B63_14g62,kinetoplast,,,,,,,,,,,,
C4B63_113g62,kinetoplast,,,,,,,,,,,,
C4B63_208g37,kinetoplast,,,,,,,,,,,,
C4B63_208g37,kinetoplast,,,,,,,,,,,,
C4B63_308g1,kinetoplast,,,,,,,,,,,,
C4B63_308g2,kinetoplast,,,,,,,,,,,,
C4B63_109g39,kinetoplast,,,,,,,,,,,,
C4B63_34g120,kinetoplast,,,,,,,,,,,,
C4B63_17g103,kinetoplast,,,,,,,,,,,,
C4B63_10g100,mitochondrion,,,,,,,,,,,,
TcCLB.503893.120,mitochondrion,,,,,,,,,,,,
TcCLB.416883.9,mitochondrion,,,,,,,,,,,,
TcCLB.506181.97,mitochondrion,,,,,,,,,,,,
TcCLB.511367.330,mitochondrion,,,,,,,,,,,,
C4B63_32g52,mitochondrion,,,,,,,,,,,,
C4B63_348g22,mitochondrion,,,,,,,,,,,,
C4B63_259g10,mitochondrion,,,,,,,,,,,,
C4B63_26g264,mitochondrion,,,,,,,,,,,,
C4B63_134g62,mitochondrion,,,,,,,,,,,,
C4B63_35g157,mitochondrion,,,,,,,,,,,,
C4B63_42g78,mitochondrion,,,,,,,,,,,,
C4B63_18g1144c,mitochondrion,,,,,,,,,,,,
C4B63_13g1646c,mitochondrion,,,,,,,,,,,,
C4B63_9g1532c,mitochondrion,,,,,,,,,,,,
C4B63_22g162,mitochondrion,,,,,,,,,,,,
C4B63_33g571c,mitochondrion,,,,,,,,,,,,
C4B63_216g142c,mitochondrion,,,,,,,,,,,,
TcCLB.511577.144,mitochondrion,,,,,,,,,,,,
TcCLB.508265.44,mitochondrion,,,,,,,,,,,,
C4B63_41g193,mitochondrion,,,,,,,,,,,,
C4B63_47g33,mitochondrion,,,,,,,,,,,,
C4B63_100g73,cortical cytoskeleton,,,,,,,,,,,,
C4B63_106g49,cortical cytoskeleton,,,,,,,,,,,,
C4B63_106g57,cortical cytoskeleton,,,,,,,,,,,,
C4B63_107g46,cortical cytoskeleton,,,,,,,,,,,,
C4B63_107g50,cortical cytoskeleton,,,,,,,,,,,,
C4B63_107g65,cortical cytoskeleton,,,,,,,,,,,,
C4B63_109g47,cortical cytoskeleton,,,,,,,,,,,,
C4B63_115g68,cortical cytoskeleton,,,,,,,,,,,,
C4B63_11g116,cortical cytoskeleton,,,,,,,,,,,,
C4B63_11g121,cortical cytoskeleton,,,,,,,,,,,,
C4B63_11g229,cortical cytoskeleton,,,,,,,,,,,,
C4B63_11g230,cortical cytoskeleton,,,,,,,,,,,,
C4B63_11g316,cortical cytoskeleton,,,,,,,,,,,,
C4B63_120g31,cortical cytoskeleton,,,,,,,,,,,,
C4B63_120g50,cortical cytoskeleton,,,,,,,,,,,,
C4B63_121g78,cortical cytoskeleton,,,,,,,,,,,,
C4B63_122g39,cortical cytoskeleton,,,,,,,,,,,,
C4B63_126g25,cortical cytoskeleton,,,,,,,,,,,,
C4B63_126g28,cortical cytoskeleton,,,,,,,,,,,,
C4B63_12g112,cortical cytoskeleton,,,,,,,,,,,,
C4B63_132g35,cortical cytoskeleton,,,,,,,,,,,,
C4B63_139g64,cortical cytoskeleton,,,,,,,,,,,,
C4B63_144g17,cortical cytoskeleton,,,,,,,,,,,,
C4B63_155g9,cortical cytoskeleton,,,,,,,,,,,,
C4B63_15g156,cortical cytoskeleton,,,,,,,,,,,,
C4B63_15g197,cortical cytoskeleton,,,,,,,,,,,,
C4B63_15g218,cortical cytoskeleton,,,,,,,,,,,,
C4B63_15g255,cortical cytoskeleton,,,,,,,,,,,,
C4B63_15g337,cortical cytoskeleton,,,,,,,,,,,,
C4B63_15g399,cortical cytoskeleton,,,,,,,,,,,,
C4B63_15g415,cortical cytoskeleton,,,,,,,,,,,,
C4B63_15g455,cortical cytoskeleton,,,,,,,,,,,,
C4B63_15g50,cortical cytoskeleton,,,,,,,,,,,,
C4B63_15g503,cortical cytoskeleton,,,,,,,,,,,,
C4B63_15g79,cortical cytoskeleton,,,,,,,,,,,,
C4B63_15g86,cortical cytoskeleton,,,,,,,,,,,,
C4B63_169g32,cortical cytoskeleton,,,,,,,,,,,,
C4B63_16g182,cortical cytoskeleton,,,,,,,,,,,,
C4B63_172g41,cortical cytoskeleton,,,,,,,,,,,,
C4B63_197g29,cortical cytoskeleton,,,,,,,,,,,,
C4B63_1g1004,cortical cytoskeleton,,,,,,,,,,,,
C4B63_1g105,cortical cytoskeleton,,,,,,,,,,,,
C4B63_1g1078,cortical cytoskeleton,,,,,,,,,,,,
C4B63_1g1084,cortical cytoskeleton,,,,,,,,,,,,
C4B63_1g1233,cortical cytoskeleton,,,,,,,,,,,,
C4B63_1g1315,cortical cytoskeleton,,,,,,,,,,,,
C4B63_1g221,cortical cytoskeleton,,,,,,,,,,,,
C4B63_1g281,cortical cytoskeleton,,,,,,,,,,,,
C4B63_1g305,cortical cytoskeleton,,,,,,,,,,,,
C4B63_1g367,cortical cytoskeleton,,,,,,,,,,,,
C4B63_1g533,cortical cytoskeleton,,,,,,,,,,,,
C4B63_1g550,cortical cytoskeleton,,,,,,,,,,,,
C4B63_1g576,cortical cytoskeleton,,,,,,,,,,,,
C4B63_1g602,cortical cytoskeleton,,,,,,,,,,,,
C4B63_1g607,cortical cytoskeleton,,,,,,,,,,,,
C4B63_1g818,cortical cytoskeleton,,,,,,,,,,,,
C4B63_1g896,cortical cytoskeleton,,,,,,,,,,,,
C4B63_1g901,cortical cytoskeleton,,,,,,,,,,,,
C4B63_1g930,cortical cytoskeleton,,,,,,,,,,,,
C4B63_1g957,cortical cytoskeleton,,,,,,,,,,,,
C4B63_1g968,cortical cytoskeleton,,,,,,,,,,,,
C4B63_1g983,cortical cytoskeleton,,,,,,,,,,,,
C4B63_1g997,cortical cytoskeleton,,,,,,,,,,,,
C4B63_22g125,cortical cytoskeleton,,,,,,,,,,,,
C4B63_27g277,cortical cytoskeleton,,,,,,,,,,,,
C4B63_27g291,cortical cytoskeleton,,,,,,,,,,,,
C4B63_27g321,cortical cytoskeleton,,,,,,,,,,,,
C4B63_29g133,cortical cytoskeleton,,,,,,,,,,,,
C4B63_29g283,cortical cytoskeleton,,,,,,,,,,,,
C4B63_29g288,cortical cytoskeleton,,,,,,,,,,,,
C4B63_29g330,cortical cytoskeleton,,,,,,,,,,,,
C4B63_29g36,cortical cytoskeleton,,,,,,,,,,,,
C4B63_29g372,cortical cytoskeleton,,,,,,,,,,,,
C4B63_29g447,cortical cytoskeleton,,,,,,,,,,,,
C4B63_29g56,cortical cytoskeleton,,,,,,,,,,,,
C4B63_29g78,cortical cytoskeleton,,,,,,,,,,,,
C4B63_33g126,cortical cytoskeleton,,,,,,,,,,,,
C4B63_33g366,cortical cytoskeleton,,,,,,,,,,,,
C4B63_34g127,cortical cytoskeleton,,,,,,,,,,,,
C4B63_34g146,cortical cytoskeleton,,,,,,,,,,,,
C4B63_36g111,cortical cytoskeleton,,,,,,,,,,,,
C4B63_36g128,cortical cytoskeleton,,,,,,,,,,,,
C4B63_36g310,cortical cytoskeleton,,,,,,,,,,,,
C4B63_36g44,cortical cytoskeleton,,,,,,,,,,,,
C4B63_36g46,cortical cytoskeleton,,,,,,,,,,,,
C4B63_36g48,cortical cytoskeleton,,,,,,,,,,,,
C4B63_36g49,cortical cytoskeleton,,,,,,,,,,,,
C4B63_36g52,cortical cytoskeleton,,,,,,,,,,,,
C4B63_36g55,cortical cytoskeleton,,,,,,,,,,,,
C4B63_36g93,cortical cytoskeleton,,,,,,,,,,,,
C4B63_37g134,cortical cytoskeleton,,,,,,,,,,,,
C4B63_37g172,cortical cytoskeleton,,,,,,,,,,,,
C4B63_37g180,cortical cytoskeleton,,,,,,,,,,,,
C4B63_39g110,cortical cytoskeleton,,,,,,,,,,,,
C4B63_39g112,cortical cytoskeleton,,,,,,,,,,,,
C4B63_39g238,cortical cytoskeleton,,,,,,,,,,,,
C4B63_39g65,cortical cytoskeleton,,,,,,,,,,,,
C4B63_39g98,cortical cytoskeleton,,,,,,,,,,,,
C4B63_3g1022,cortical cytoskeleton,,,,,,,,,,,,
C4B63_3g1033,cortical cytoskeleton,,,,,,,,,,,,
C4B63_3g1036,cortical cytoskeleton,,,,,,,,,,,,
C4B63_3g1068,cortical cytoskeleton,,,,,,,,,,,,
C4B63_3g207,cortical cytoskeleton,,,,,,,,,,,,
C4B63_3g355,cortical cytoskeleton,,,,,,,,,,,,
C4B63_3g380,cortical cytoskeleton,,,,,,,,,,,,
C4B63_3g447,cortical cytoskeleton,,,,,,,,,,,,
C4B63_3g496,cortical cytoskeleton,,,,,,,,,,,,
C4B63_3g560,cortical cytoskeleton,,,,,,,,,,,,
C4B63_3g581,cortical cytoskeleton,,,,,,,,,,,,
C4B63_3g614,cortical cytoskeleton,,,,,,,,,,,,
C4B63_3g627,cortical cytoskeleton,,,,,,,,,,,,
C4B63_3g774,cortical cytoskeleton,,,,,,,,,,,,
C4B63_3g829,cortical cytoskeleton,,,,,,,,,,,,
C4B63_3g899,cortical cytoskeleton,,,,,,,,,,,,
C4B63_3g932,cortical cytoskeleton,,,,,,,,,,,,
C4B63_3g956,cortical cytoskeleton,,,,,,,,,,,,
C4B63_3g999,cortical cytoskeleton,,,,,,,,,,,,
C4B63_50g220,cortical cytoskeleton,,,,,,,,,,,,
C4B63_50g239,cortical cytoskeleton,,,,,,,,,,,,
C4B63_53g206,cortical cytoskeleton,,,,,,,,,,,,
C4B63_53g60,cortical cytoskeleton,,,,,,,,,,,,
C4B63_54g103,cortical cytoskeleton,,,,,,,,,,,,
C4B63_56g142,cortical cytoskeleton,,,,,,,,,,,,
C4B63_59g102,cortical cytoskeleton,,,,,,,,,,,,
C4B63_59g230,cortical cytoskeleton,,,,,,,,,,,,
C4B63_59g46,cortical cytoskeleton,,,,,,,,,,,,
C4B63_59g51,cortical cytoskeleton,,,,,,,,,,,,
C4B63_5g202,cortical cytoskeleton,,,,,,,,,,,,
C4B63_5g274,cortical cytoskeleton,,,,,,,,,,,,
C4B63_5g297,cortical cytoskeleton,,,,,,,,,,,,
C4B63_5g308,cortical cytoskeleton,,,,,,,,,,,,
C4B63_5g372,cortical cytoskeleton,,,,,,,,,,,,
C4B63_5g380,cortical cytoskeleton,,,,,,,,,,,,
C4B63_5g39,cortical cytoskeleton,,,,,,,,,,,,
C4B63_5g398,cortical cytoskeleton,,,,,,,,,,,,
C4B63_5g424,cortical cytoskeleton,,,,,,,,,,,,
C4B63_5g43,cortical cytoskeleton,,,,,,,,,,,,
C4B63_5g641,cortical cytoskeleton,,,,,,,,,,,,
C4B63_5g692,cortical cytoskeleton,,,,,,,,,,,,
C4B63_5g698,cortical cytoskeleton,,,,,,,,,,,,
C4B63_5g72,cortical cytoskeleton,,,,,,,,,,,,
C4B63_62g138,cortical cytoskeleton,,,,,,,,,,,,
C4B63_62g175,cortical cytoskeleton,,,,,,,,,,,,
C4B63_66g174,cortical cytoskeleton,,,,,,,,,,,,
C4B63_66g54,cortical cytoskeleton,,,,,,,,,,,,
C4B63_66g58,cortical cytoskeleton,,,,,,,,,,,,
C4B63_67g98,cortical cytoskeleton,,,,,,,,,,,,
C4B63_68g77,cortical cytoskeleton,,,,,,,,,,,,
C4B63_69g41,cortical cytoskeleton,,,,,,,,,,,,
C4B63_74g106,cortical cytoskeleton,,,,,,,,,,,,
C4B63_74g129,cortical cytoskeleton,,,,,,,,,,,,
C4B63_74g137,cortical cytoskeleton,,,,,,,,,,,,
C4B63_88g23,cortical cytoskeleton,,,,,,,,,,,,
C4B63_88g26,cortical cytoskeleton,,,,,,,,,,,,
C4B63_88g96,cortical cytoskeleton,,,,,,,,,,,,
C4B63_8g101,cortical cytoskeleton,,,,,,,,,,,,
C4B63_8g141,cortical cytoskeleton,,,,,,,,,,,,
C4B63_8g167,cortical cytoskeleton,,,,,,,,,,,,
C4B63_8g179,cortical cytoskeleton,,,,,,,,,,,,
C4B63_8g181,cortical cytoskeleton,,,,,,,,,,,,
C4B63_8g253,cortical cytoskeleton,,,,,,,,,,,,
C4B63_8g75,cortical cytoskeleton,,,,,,,,,,,,
C4B63_8g80,cortical cytoskeleton,,,,,,,,,,,,
C4B63_91g63,cortical cytoskeleton,,,,,,,,,,,,
C4B63_96g27,cortical cytoskeleton,,,,,,,,,,,,
C4B63_96g81,cortical cytoskeleton,,,,,,,,,,,,
C4B63_98g33,cortical cytoskeleton,,,,,,,,,,,,
C4B63_99g81,cortical cytoskeleton,,,,,,,,,,,,
C4B63_99g82,cortical cytoskeleton,,,,,,,,,,,,
C4B63_99g83,cortical cytoskeleton,,,,,,,,,,,,
C4B63_99g84,cortical cytoskeleton,,,,,,,,,,,,
C4B63_99g85,cortical cytoskeleton,,,,,,,,,,,,
C4B63_99g86,cortical cytoskeleton,,,,,,,,,,,,
C4B63_99g87,cortical cytoskeleton,,,,,,,,,,,,
C4B63_99g88,cortical cytoskeleton,,,,,,,,,,,,
C4B63_99g90,cortical cytoskeleton,,,,,,,,,,,,
C4B63_99g92,cortical cytoskeleton,,,,,,,,,,,,
C4B63_99g93,cortical cytoskeleton,,,,,,,,,,,,
C4B63_47g23,endoplasmic reticulum,,,,,,,,,,,,
C4B63_135g21,endoplasmic reticulum,,,,,,,,,,,,
C4B63_104g78,endoplasmic reticulum,,,,,,,,,,,,
C4B63_255g21,endoplasmic reticulum,,,,,,,,,,,,
C4B63_10g305,proteasome,,,,,,,,,,,,
C4B63_10g510,proteasome,,,,,,,,,,,,
C4B63_10g511,proteasome,,,,,,,,,,,,
C4B63_112g19,proteasome,,,,,,,,,,,,
C4B63_122g21,proteasome,,,,,,,,,,,,
C4B63_12g396,proteasome,,,,,,,,,,,,
C4B63_13g138,proteasome,,,,,,,,,,,,
C4B63_13g211,proteasome,,,,,,,,,,,,
C4B63_14g170,proteasome,,,,,,,,,,,,
C4B63_14g52,proteasome,,,,,,,,,,,,
C4B63_17g111,proteasome,,,,,,,,,,,,
C4B63_18g138,proteasome,,,,,,,,,,,,
C4B63_202g4,proteasome,,,,,,,,,,,,
C4B63_234g11,proteasome,,,,,,,,,,,,
C4B63_23g31,proteasome,,,,,,,,,,,,
C4B63_25g312,proteasome,,,,,,,,,,,,
C4B63_27g180,proteasome,,,,,,,,,,,,
C4B63_27g4,proteasome,,,,,,,,,,,,
C4B63_28g122,proteasome,,,,,,,,,,,,
C4B63_28g57,proteasome,,,,,,,,,,,,
C4B63_2g1132c,proteasome,,,,,,,,,,,,
C4B63_2g302,proteasome,,,,,,,,,,,,
C4B63_2g527,proteasome,,,,,,,,,,,,
C4B63_2g692,proteasome,,,,,,,,,,,,
C4B63_34g309,proteasome,,,,,,,,,,,,
C4B63_35g173,proteasome,,,,,,,,,,,,
C4B63_40g46,proteasome,,,,,,,,,,,,
C4B63_43g129,proteasome,,,,,,,,,,,,
C4B63_43g135,proteasome,,,,,,,,,,,,
C4B63_46g106,proteasome,,,,,,,,,,,,
C4B63_47g88,proteasome,,,,,,,,,,,,
C4B63_48g131,proteasome,,,,,,,,,,,,
C4B63_48g135,proteasome,,,,,,,,,,,,
C4B63_4g525,proteasome,,,,,,,,,,,,
C4B63_4g528,proteasome,,,,,,,,,,,,
C4B63_4g92,proteasome,,,,,,,,,,,,
C4B63_54g62,proteasome,,,,,,,,,,,,
C4B63_6g421,proteasome,,,,,,,,,,,,
C4B63_6g586,proteasome,,,,,,,,,,,,
C4B63_70g80,proteasome,,,,,,,,,,,,
C4B63_76g37,proteasome,,,,,,,,,,,,
C4B63_76g43,proteasome,,,,,,,,,,,,
C4B63_78g11,proteasome,,,,,,,,,,,,
C4B63_78g13,proteasome,,,,,,,,,,,,
C4B63_78g44,proteasome,,,,,,,,,,,,
C4B63_79g26,proteasome,,,,,,,,,,,,
C4B63_7g423,proteasome,,,,,,,,,,,,
C4B63_80g34,proteasome,,,,,,,,,,,,
C4B63_83g29,proteasome,,,,,,,,,,,,
C4B63_89g44,proteasome,,,,,,,,,,,,
C4B63_89g62,proteasome,,,,,,,,,,,,